<?xml version="1.0" encoding="UTF-8"?>
<project-private xmlns="http://www.netbeans.org/ns/project-private/1">
    <editor-bookmarks xmlns="http://www.netbeans.org/ns/editor-bookmarks/2" lastBookmarkId="0"/>
    <open-files xmlns="http://www.netbeans.org/ns/projectui-open-files/2">
        <group>
            <file>file:/C:/Users/Korisnik/Documents/NetBeansProjects/Podsistem2/src/java/komanda/KomandaPromeniCenu.java</file>
            <file>file:/C:/Users/Korisnik/Documents/NetBeansProjects/Podsistem2/src/java/podsistem2/Main.java</file>
            <file>file:/C:/Users/Korisnik/Documents/NetBeansProjects/Podsistem2/src/java/komanda/KomandaDohvatiKorpu.java</file>
        </group>
    </open-files>
</project-private>
